motif,theta
aac,-1.18958406687384
gac,-3.00628248444914
cac,-1.84760922216462
tac,-1.18958406687384
nac,-1.84760922216462
agc,-1.18958406687384
ggc,-3.00628248444914
cgc,-1.84760922216462
tgc,-1.18958406687384
ngc,-1.84760922216462
acc,-1.86604510861152
gcc,-3.00628248444914
ccc,-2.38213139956531
tcc,-1.86604510861152
ncc,-2.38213139956531
atc,-1.86604510861152
gtc,-3.00628248444914
ctc,-2.38213139956531
ttc,-1.86604510861152
ntc,-2.38213139956531
nnc,-1.84760922216462
aaa,-9
gaa,-9
caa,-9
taa,-9
naa,-9
aga,-9
gga,-9
cga,-9
tga,-9
nga,-9
aca,-9
gca,-9
cca,-9
tca,-9
nca,-9
ata,-9
gta,-9
cta,-9
tta,-9
nta,-9
nna,-9
aag,-9
gag,-9
cag,-9
tag,-9
nag,-9
agg,-9
ggg,-9
cgg,-9
tgg,-9
ngg,-9
acg,-9
gcg,-9
ccg,-9
tcg,-9
ncg,-9
atg,-9
gtg,-9
ctg,-9
ttg,-9
ntg,-9
nng,-9
aat,-9
gat,-9
cat,-9
tat,-9
nat,-9
agt,-9
ggt,-9
cgt,-9
tgt,-9
ngt,-9
act,-9
gct,-9
cct,-9
tct,-9
nct,-9
att,-9
gtt,-9
ctt,-9
ttt,-9
ntt,-9
nnt,-9
